考试名称,考试类型,考试时间,报名时间,报名网站,科目,费用,成绩有效期
期货从业,统考,5月16日,4月中下旬,www.cfachina.org,基础知识+法律法规,65元/科,长期
期货从业,专场,9月19日,待定,www.cfachina.org,三科可选,65元/科,长期
期货从业,专场,11月21日,待定,www.cfachina.org,三科可选,65元/科,长期
基金从业,统考,5月23日,4月中下旬,www.amac.org.cn,科1必考+科2/3选考,61元/科,4年
基金从业,统考,11月28日,10月中下旬,www.amac.org.cn,科1必考+科2/3选考,61元/科,4年
证券从业,统考,6月27日,5月中下旬,www.sac.net.cn,金融市场基础+法律法规,61元/科,36个月
证券从业,统考,9月19日,8月中下旬,www.sac.net.cn,金融市场基础+法律法规,61元/科,36个月
证券从业,专场,4月18日,3月中下旬,www.sac.net.cn,两科,61元/科,36个月
证券从业,专场,11月,10月中下旬,www.sac.net.cn,两科,61元/科,36个月
